apps/160|160|||Fixed|||ОК|6|90||
places/32|32|||Fixed|||ОК|52|156|1|
mimes/192|192|||Fixed|||ОК|37|211||
apps/96|96|||Fixed|||ОК|26|324||
emotes/16|16|||Fixed|||ОК|38|30||
emblems/16|16|||Fixed|||ОК|35|8||
emotes/32|32|||Fixed|||ОК|37|23||
emblems/32|32|||Fixed|||ОК|34|8||
tools/22|22|||Fixed|||ОК|10|||1
actions/96|96|||Fixed|||ОК|15|81||
animations/128|128|||Scalable|||ОК|1|||
places/72|72|||Fixed|||ОК|20|144||
mimes/256|256|||Fixed|||ОК|36|208||
places/96|96|||Fixed|||ОК|23|144||
places/1024|1024|||Fixed|||ОК|1|8||
apps/22|22|||Fixed|||ОК|455|993|9|13
places/192|192|||Fixed|||ОК|14|115||
apps/24|24|||Fixed|||ОК|488|980|6|49
mimes/16|16|||Fixed|||ОК|184|586||
stock/22|22|||Fixed|||ОК|2|1||
devices/16|16|||Fixed|||ОК|91|190||
status/12|12|||Fixed|||ОК|6|4||
actions/22|22|||Fixed|||ОК|239|627|9|
mimes/32|32|||Fixed|||ОК|189|581||2
stock/24|24|||Fixed|||ОК|1|2||1
devices/192|192|||Fixed|||ОК|6|66||
actions/24|24|||Fixed|||ОК|223|624|9|1
devices/32|32|||Fixed|||ОК|75|214||
status/16|16|||Fixed|||ОК|232|648|1|
mimes/128|128|||Fixed|||ОК|58|297||
places/scalable|48|64|256|Scalable|||ОК|14|20||6
status/32|32|||Fixed|||ОК|144|621|2|
categories/22|22|||Fixed|||ОК|35|75|4|1
apps/48|48|||Fixed|||ОК|495|1032|10|46
categories/24|24|||Fixed|||ОК|31|82|3|1
apps/64|64|||Fixed|||ОК|315|1001|10|3
stock/scalable|48|48|256|Scalable|||ОК|5|||5
mimes/160|160|||Fixed|||ОК|37|211||
stock/48|48|||Fixed|||ОК|5|||
actions/128|128|||Fixed|||ОК|15|81||
animations/22|22|||Fixed|||ОК|72|||2
actions/48|48|||Fixed|||ОК|189|560|6|
animations/24|24|||Fixed|||ОК|48|||2
mimes/72|72|||Fixed|||ОК|76|441||
places/256|256|||Fixed|||ОК|13|106||
actions/64|64|||Fixed|||ОК|152|524|6|
devices/72|72|||Fixed|||ОК|11|81||
places/22|22|||Fixed|||ОК|40|157|2|
places/24|24|||Fixed|||ОК|44|156|1|
devices/256|256|||Fixed|||ОК|6|66||
categories/48|48|||Fixed|||ОК|24|90|5|
emblems/8|8|||Fixed|||отсутствует на диске||1||
status/72|72|||Fixed|||ОК|5|26||
status/scalable|48|64|256|Scalable|||ОК|60|125||179
actions/8|8|||Fixed|||ОК|2|25||
categories/64|64|||Fixed|||ОК|8|103||
emblems/22|22|||Fixed|||ОК|34|8||8
animations/48|48|||Scalable|||ОК|22|||1
mimes/96|96|||Fixed|||ОК|73|441||
emblems/24|24|||Fixed|||ОК|34|8||9
devices/96|96|||Fixed|||ОК|10|81||
animations/64|64|||Scalable|||ОК|1|||
places/48|48|||Fixed|||ОК|39|148|1|
status/96|96|||Fixed|||ОК|9|71||
apps/192|192|||Fixed|||ОК|7|97||
places/64|64|||Fixed|||ОК|29|148|1|
emblems/48|48|||Fixed|||ОК|34|8||
emblems/scalable|48|64|256|Scalable|||ОК|28|4||32
emblems/64|64|||Fixed|||ОК|5|3||
places/128|128|||Fixed|||ОК|15|116||
status/8|8|||Fixed|||ОК|3|9||
devices/128|128|||Fixed|||ОК|9|81||
places/160|160|||Fixed|||ОК|14|115||
apps/256|256|||Fixed|||ОК|8|88||
devices/160|160|||Fixed|||ОК|6|66||
apps/16|16|||Fixed|||ОК|486|970|7|3
actions/scalable|48|48|256|Scalable|||ОК|141|389|19|510
mimes/22|22|||Fixed|||ОК|150|611||9
apps/32|32|||Fixed|||ОК|519|1019|10|4
devices/22|22|||Fixed|||ОК|70|203||
devices/scalable|48|64|256|Scalable|||ОК|1|13||14
mimes/24|24|||Fixed|||ОК|250|516||
stock/16|16|||Fixed|||ОК|6|||
actions/16|16|||Fixed|||ОК|282|698|9|6
devices/24|24|||Fixed|||ОК|71|202||20
stock/32|32|||Fixed|||ОК|5|1||
status/22|22|||Fixed|||ОК|253|634|3|1
status/128|128|||Fixed|||ОК|2|10||
actions/32|32|||Fixed|||ОК|195|554|6|
status/24|24|||Fixed|||ОК|213|620|3|2
animations/10|10|||Fixed|||ОК|5|||5
categories/16|16|||Fixed|||ОК|21|89|9|
apps/scalable|48|64|256|Scalable|||ОК|3|8||10
status/160|160|||Fixed|||ОК|2|10||
mimes/48|48|||Fixed|||ОК|237|536||
categories/32|32|||Fixed|||ОК|27|87|7|
apps/72|72|||Fixed|||ОК|25|328||
devices/48|48|||Fixed|||ОК|91|205||10
animations/16|16|||Fixed|||ОК|16|||3
mimes/64|64|||Fixed|||ОК|120|562||
apps/128|128|||Fixed|||ОК|20|243||
devices/64|64|||Fixed|||ОК|42|186||12
animations/32|32|||Fixed|||ОК|69|||2
status/48|48|||Fixed|||ОК|160|587|1|2
places/16|16|||Fixed|||ОК|58|158|1|
places/512|512|||Fixed|||ОК|1|8||
actions/72|72|||Fixed|||ОК|15|81||
emblems/10|10|||Fixed|||ОК|15|2||
status/64|64|||Fixed|||ОК|29|107||
